<?xml version="1.0" encoding="utf-8" standalone="yes" ?>
<rss version="2.0" xmlns:atom="http://www.w3.org/2005/Atom">
  <channel>
    <title>Protocol | Vivek Bagaria</title>
    <link>https://web.stanford.edu/~vbagaria/tags/protocol/</link>
      <atom:link href="https://web.stanford.edu/~vbagaria/tags/protocol/index.xml" rel="self" type="application/rss+xml" />
    <description>Protocol</description>
    <generator>Source Themes Academic (https://sourcethemes.com/academic/)</generator><language>en-us</language><lastBuildDate>Tue, 01 Oct 2019 00:00:00 +0000</lastBuildDate>
    <image>
      <url>https://web.stanford.edu/~vbagaria/img/icon-192.png</url>
      <title>Protocol</title>
      <link>https://web.stanford.edu/~vbagaria/tags/protocol/</link>
    </image>
    
    <item>
      <title>Boomerang: Redundancy Improves Latency and Throughput in Payment Networks</title>
      <link>https://web.stanford.edu/~vbagaria/publication/boomerang/</link>
      <pubDate>Tue, 01 Oct 2019 00:00:00 +0000</pubDate>
      <guid>https://web.stanford.edu/~vbagaria/publication/boomerang/</guid>
      <description></description>
    </item>
    
  </channel>
</rss>
