<?xml version="1.0" encoding="utf-8" standalone="yes" ?>
<rss version="2.0" xmlns:atom="http://www.w3.org/2005/Atom">
  <channel>
    <title>James Zou | Vivek Bagaria</title>
    <link>https://web.stanford.edu/~vbagaria/authors/james-zou/</link>
      <atom:link href="https://web.stanford.edu/~vbagaria/authors/james-zou/index.xml" rel="self" type="application/rss+xml" />
    <description>James Zou</description>
    <generator>Source Themes Academic (https://sourcethemes.com/academic/)</generator><language>en-us</language><lastBuildDate>Fri, 01 Sep 2017 00:00:00 +0000</lastBuildDate>
    <image>
      <url>https://web.stanford.edu/~vbagaria/img/icon-192.png</url>
      <title>James Zou</title>
      <link>https://web.stanford.edu/~vbagaria/authors/james-zou/</link>
    </image>
    
    <item>
      <title>Exploring patterns enriched in a dataset with contrastive principal component analysis</title>
      <link>https://web.stanford.edu/~vbagaria/publication/constrastive/</link>
      <pubDate>Fri, 01 Sep 2017 00:00:00 +0000</pubDate>
      <guid>https://web.stanford.edu/~vbagaria/publication/constrastive/</guid>
      <description></description>
    </item>
    
  </channel>
</rss>
