<?xml version="1.0" encoding="utf-8" standalone="yes" ?>
<rss version="2.0" xmlns:atom="http://www.w3.org/2005/Atom">
  <channel>
    <title>Publication_types | Vivek Bagaria</title>
    <link>https://web.stanford.edu/~vbagaria/publication_types/</link>
      <atom:link href="https://web.stanford.edu/~vbagaria/publication_types/index.xml" rel="self" type="application/rss+xml" />
    <description>Publication_types</description>
    <generator>Source Themes Academic (https://sourcethemes.com/academic/)</generator><language>en-us</language><lastBuildDate>Tue, 01 Oct 2019 00:00:00 +0000</lastBuildDate>
    <image>
      <url>https://web.stanford.edu/~vbagaria/img/icon-192.png</url>
      <title>Publication_types</title>
      <link>https://web.stanford.edu/~vbagaria/publication_types/</link>
    </image>
    
    <item>
      <title>3</title>
      <link>https://web.stanford.edu/~vbagaria/publication_types/3/</link>
      <pubDate>Tue, 01 Oct 2019 00:00:00 +0000</pubDate>
      <guid>https://web.stanford.edu/~vbagaria/publication_types/3/</guid>
      <description></description>
    </item>
    
    <item>
      <title>1</title>
      <link>https://web.stanford.edu/~vbagaria/publication_types/1/</link>
      <pubDate>Mon, 08 Oct 2018 00:00:00 +0000</pubDate>
      <guid>https://web.stanford.edu/~vbagaria/publication_types/1/</guid>
      <description></description>
    </item>
    
    <item>
      <title>2</title>
      <link>https://web.stanford.edu/~vbagaria/publication_types/2/</link>
      <pubDate>Fri, 01 Sep 2017 00:00:00 +0000</pubDate>
      <guid>https://web.stanford.edu/~vbagaria/publication_types/2/</guid>
      <description></description>
    </item>
    
  </channel>
</rss>
