<?xml version="1.0" encoding="utf-8" standalone="yes" ?>
<rss version="2.0" xmlns:atom="http://www.w3.org/2005/Atom">
  <channel>
    <title>Recent &amp; Upcoming Talks | Vivek Bagaria</title>
    <link>https://web.stanford.edu/~vbagaria/talk/</link>
      <atom:link href="https://web.stanford.edu/~vbagaria/talk/index.xml" rel="self" type="application/rss+xml" />
    <description>Recent &amp; Upcoming Talks</description>
    <generator>Source Themes Academic (https://sourcethemes.com/academic/)</generator><language>en-us</language><lastBuildDate>Thu, 14 Nov 2019 18:00:00 +0000</lastBuildDate>
    <image>
      <url>https://web.stanford.edu/~vbagaria/img/icon-192.png</url>
      <title>Recent &amp; Upcoming Talks</title>
      <link>https://web.stanford.edu/~vbagaria/talk/</link>
    </image>
    
    <item>
      <title>Boomerang: Redundancy Improves Latency and Throughput in Payment Networks</title>
      <link>https://web.stanford.edu/~vbagaria/talk/uk_blockchain_rg/</link>
      <pubDate>Thu, 14 Nov 2019 18:00:00 +0000</pubDate>
      <guid>https://web.stanford.edu/~vbagaria/talk/uk_blockchain_rg/</guid>
      <description>&lt;div class=&#34;alert alert-note&#34;&gt;
  &lt;div&gt;
    Click on the &lt;strong&gt;Slides&lt;/strong&gt; button above to view the built-in slides feature.
  &lt;/div&gt;
&lt;/div&gt;

&lt;p&gt;Slides can be added in a few ways:&lt;/p&gt;

&lt;ul&gt;
&lt;li&gt;&lt;strong&gt;Create&lt;/strong&gt; slides using Academic&amp;rsquo;s &lt;a href=&#34;https://sourcethemes.com/academic/docs/managing-content/#create-slides&#34; target=&#34;_blank&#34;&gt;&lt;em&gt;Slides&lt;/em&gt;&lt;/a&gt; feature and link using &lt;code&gt;slides&lt;/code&gt; parameter in the front matter of the talk file&lt;/li&gt;
&lt;li&gt;&lt;strong&gt;Upload&lt;/strong&gt; an existing slide deck to &lt;code&gt;static/&lt;/code&gt; and link using &lt;code&gt;url_slides&lt;/code&gt; parameter in the front matter of the talk file&lt;/li&gt;
&lt;li&gt;&lt;strong&gt;Embed&lt;/strong&gt; your slides (e.g. Google Slides) or presentation video on this page using &lt;a href=&#34;https://sourcethemes.com/academic/docs/writing-markdown-latex/&#34; target=&#34;_blank&#34;&gt;shortcodes&lt;/a&gt;.&lt;/li&gt;
&lt;/ul&gt;

&lt;p&gt;Further talk details can easily be added to this page using &lt;em&gt;Markdown&lt;/em&gt; and $\rm \LaTeX$ math code.&lt;/p&gt;
</description>
    </item>
    
    <item>
      <title>Prism: Deconstructing the Blockchain to Approach Physical Limits</title>
      <link>https://web.stanford.edu/~vbagaria/talk/ccs/</link>
      <pubDate>Tue, 12 Nov 2019 16:00:00 +0000</pubDate>
      <guid>https://web.stanford.edu/~vbagaria/talk/ccs/</guid>
      <description></description>
    </item>
    
    <item>
      <title>Prism: 7 to 70000 transactions per second</title>
      <link>https://web.stanford.edu/~vbagaria/talk/allerton/</link>
      <pubDate>Fri, 27 Sep 2019 08:00:00 +0000</pubDate>
      <guid>https://web.stanford.edu/~vbagaria/talk/allerton/</guid>
      <description></description>
    </item>
    
    <item>
      <title>Scaling Bitcoin by 10,000x</title>
      <link>https://web.stanford.edu/~vbagaria/talk/scaling_bitcoin/</link>
      <pubDate>Wed, 11 Sep 2019 17:00:00 +0000</pubDate>
      <guid>https://web.stanford.edu/~vbagaria/talk/scaling_bitcoin/</guid>
      <description></description>
    </item>
    
    <item>
      <title>Prism: Operating Blockchains Near Physical Limits</title>
      <link>https://web.stanford.edu/~vbagaria/talk/stanford-blockchain-seminar/</link>
      <pubDate>Thu, 08 Aug 2019 16:00:00 +0000</pubDate>
      <guid>https://web.stanford.edu/~vbagaria/talk/stanford-blockchain-seminar/</guid>
      <description></description>
    </item>
    
    <item>
      <title>Prism: Deconstructing the Blockchain to Approach Physical Limits</title>
      <link>https://web.stanford.edu/~vbagaria/talk/leonardo-artscience-evening-rendezvous/</link>
      <pubDate>Thu, 13 Jun 2019 18:00:00 +0000</pubDate>
      <guid>https://web.stanford.edu/~vbagaria/talk/leonardo-artscience-evening-rendezvous/</guid>
      <description></description>
    </item>
    
    <item>
      <title>Prism: Deconstructing the Blockchain to Approach Physical Limits</title>
      <link>https://web.stanford.edu/~vbagaria/talk/ethereum-bay-area-meetup/</link>
      <pubDate>Sun, 26 May 2019 18:00:00 +0000</pubDate>
      <guid>https://web.stanford.edu/~vbagaria/talk/ethereum-bay-area-meetup/</guid>
      <description></description>
    </item>
    
    <item>
      <title>Prism: Deconstructing the Blockchain to Approach Physical Limits</title>
      <link>https://web.stanford.edu/~vbagaria/talk/iisc_bc/</link>
      <pubDate>Thu, 03 Jan 2019 16:00:00 +0000</pubDate>
      <guid>https://web.stanford.edu/~vbagaria/talk/iisc_bc/</guid>
      <description></description>
    </item>
    
    <item>
      <title>Prism: Deconstructing the Blockchain to Approach Physical Limits</title>
      <link>https://web.stanford.edu/~vbagaria/talk/microsoft_india/</link>
      <pubDate>Tue, 01 Jan 2019 11:00:00 +0000</pubDate>
      <guid>https://web.stanford.edu/~vbagaria/talk/microsoft_india/</guid>
      <description></description>
    </item>
    
    <item>
      <title>Adaptive Monte Carlo optimization</title>
      <link>https://web.stanford.edu/~vbagaria/talk/baylearn/</link>
      <pubDate>Wed, 10 Oct 2018 16:00:00 +0000</pubDate>
      <guid>https://web.stanford.edu/~vbagaria/talk/baylearn/</guid>
      <description></description>
    </item>
    
    <item>
      <title>Adaptive Monte Carlo optimization</title>
      <link>https://web.stanford.edu/~vbagaria/talk/iisc_ml/</link>
      <pubDate>Wed, 03 Jan 2018 16:00:00 +0000</pubDate>
      <guid>https://web.stanford.edu/~vbagaria/talk/iisc_ml/</guid>
      <description></description>
    </item>
    
  </channel>
</rss>
