<?xml version="1.0" encoding="utf-8" standalone="yes" ?>
<rss version="2.0" xmlns:atom="http://www.w3.org/2005/Atom">
  <channel>
    <title>Authors | Vivek Bagaria</title>
    <link>https://web.stanford.edu/~vbagaria/authors/</link>
      <atom:link href="https://web.stanford.edu/~vbagaria/authors/index.xml" rel="self" type="application/rss+xml" />
    <description>Authors</description>
    <generator>Source Themes Academic (https://sourcethemes.com/academic/)</generator><language>en-us</language><lastBuildDate>Tue, 01 Oct 2019 00:00:00 +0000</lastBuildDate>
    <image>
      <url>https://web.stanford.edu/~vbagaria/img/icon-192.png</url>
      <title>Authors</title>
      <link>https://web.stanford.edu/~vbagaria/authors/</link>
    </image>
    
    <item>
      <title>**Vivek Bagaria**</title>
      <link>https://web.stanford.edu/~vbagaria/authors/vivek-bagaria/</link>
      <pubDate>Tue, 01 Oct 2019 00:00:00 +0000</pubDate>
      <guid>https://web.stanford.edu/~vbagaria/authors/vivek-bagaria/</guid>
      <description></description>
    </item>
    
    <item>
      <title>David Tse</title>
      <link>https://web.stanford.edu/~vbagaria/authors/david-tse/</link>
      <pubDate>Tue, 01 Oct 2019 00:00:00 +0000</pubDate>
      <guid>https://web.stanford.edu/~vbagaria/authors/david-tse/</guid>
      <description></description>
    </item>
    
    <item>
      <title>Govinda Kamath</title>
      <link>https://web.stanford.edu/~vbagaria/authors/govinda-kamath/</link>
      <pubDate>Tue, 01 Oct 2019 00:00:00 +0000</pubDate>
      <guid>https://web.stanford.edu/~vbagaria/authors/govinda-kamath/</guid>
      <description></description>
    </item>
    
    <item>
      <title>Joachim Neu</title>
      <link>https://web.stanford.edu/~vbagaria/authors/joachim-neu/</link>
      <pubDate>Tue, 01 Oct 2019 00:00:00 +0000</pubDate>
      <guid>https://web.stanford.edu/~vbagaria/authors/joachim-neu/</guid>
      <description></description>
    </item>
    
    <item>
      <title>Pramod Viswanath</title>
      <link>https://web.stanford.edu/~vbagaria/authors/pramod-viswanath/</link>
      <pubDate>Tue, 01 Oct 2019 00:00:00 +0000</pubDate>
      <guid>https://web.stanford.edu/~vbagaria/authors/pramod-viswanath/</guid>
      <description></description>
    </item>
    
    <item>
      <title>Sewoong Oh</title>
      <link>https://web.stanford.edu/~vbagaria/authors/sewoong-oh/</link>
      <pubDate>Tue, 01 Oct 2019 00:00:00 +0000</pubDate>
      <guid>https://web.stanford.edu/~vbagaria/authors/sewoong-oh/</guid>
      <description></description>
    </item>
    
    <item>
      <title>Sreeram Kannan</title>
      <link>https://web.stanford.edu/~vbagaria/authors/sreeram-kannan/</link>
      <pubDate>Tue, 01 Oct 2019 00:00:00 +0000</pubDate>
      <guid>https://web.stanford.edu/~vbagaria/authors/sreeram-kannan/</guid>
      <description></description>
    </item>
    
    <item>
      <title>Xuechao Wang</title>
      <link>https://web.stanford.edu/~vbagaria/authors/xuechao-wang/</link>
      <pubDate>Tue, 01 Oct 2019 00:00:00 +0000</pubDate>
      <guid>https://web.stanford.edu/~vbagaria/authors/xuechao-wang/</guid>
      <description></description>
    </item>
    
    <item>
      <title>Gerui Wang</title>
      <link>https://web.stanford.edu/~vbagaria/authors/gerui-wang/</link>
      <pubDate>Mon, 09 Sep 2019 00:00:00 +0000</pubDate>
      <guid>https://web.stanford.edu/~vbagaria/authors/gerui-wang/</guid>
      <description></description>
    </item>
    
    <item>
      <title>Giulia Fanti</title>
      <link>https://web.stanford.edu/~vbagaria/authors/giulia-fanti/</link>
      <pubDate>Mon, 09 Sep 2019 00:00:00 +0000</pubDate>
      <guid>https://web.stanford.edu/~vbagaria/authors/giulia-fanti/</guid>
      <description></description>
    </item>
    
    <item>
      <title>Lei Yang</title>
      <link>https://web.stanford.edu/~vbagaria/authors/lei-yang/</link>
      <pubDate>Mon, 09 Sep 2019 00:00:00 +0000</pubDate>
      <guid>https://web.stanford.edu/~vbagaria/authors/lei-yang/</guid>
      <description></description>
    </item>
    
    <item>
      <title>Mohammad Alizadeh</title>
      <link>https://web.stanford.edu/~vbagaria/authors/mohammad-alizadeh/</link>
      <pubDate>Mon, 09 Sep 2019 00:00:00 +0000</pubDate>
      <guid>https://web.stanford.edu/~vbagaria/authors/mohammad-alizadeh/</guid>
      <description></description>
    </item>
    
    <item>
      <title>Jiaming Xu</title>
      <link>https://web.stanford.edu/~vbagaria/authors/jiaming-xu/</link>
      <pubDate>Sun, 08 Apr 2018 00:00:00 +0000</pubDate>
      <guid>https://web.stanford.edu/~vbagaria/authors/jiaming-xu/</guid>
      <description></description>
    </item>
    
    <item>
      <title>Jian Ding</title>
      <link>https://web.stanford.edu/~vbagaria/authors/jian-ding/</link>
      <pubDate>Sun, 08 Apr 2018 00:00:00 +0000</pubDate>
      <guid>https://web.stanford.edu/~vbagaria/authors/jian-ding/</guid>
      <description></description>
    </item>
    
    <item>
      <title>Yihoong Wu</title>
      <link>https://web.stanford.edu/~vbagaria/authors/yihoong-wu/</link>
      <pubDate>Sun, 08 Apr 2018 00:00:00 +0000</pubDate>
      <guid>https://web.stanford.edu/~vbagaria/authors/yihoong-wu/</guid>
      <description></description>
    </item>
    
    <item>
      <title>Martin Zhang</title>
      <link>https://web.stanford.edu/~vbagaria/authors/martin-zhang/</link>
      <pubDate>Wed, 01 Nov 2017 00:00:00 +0000</pubDate>
      <guid>https://web.stanford.edu/~vbagaria/authors/martin-zhang/</guid>
      <description></description>
    </item>
    
    <item>
      <title>Vasilis ntranos</title>
      <link>https://web.stanford.edu/~vbagaria/authors/vasilis-ntranos/</link>
      <pubDate>Wed, 01 Nov 2017 00:00:00 +0000</pubDate>
      <guid>https://web.stanford.edu/~vbagaria/authors/vasilis-ntranos/</guid>
      <description></description>
    </item>
    
    <item>
      <title>Abubakar Abid</title>
      <link>https://web.stanford.edu/~vbagaria/authors/abubakar-abid/</link>
      <pubDate>Fri, 01 Sep 2017 00:00:00 +0000</pubDate>
      <guid>https://web.stanford.edu/~vbagaria/authors/abubakar-abid/</guid>
      <description></description>
    </item>
    
    <item>
      <title>James Zou</title>
      <link>https://web.stanford.edu/~vbagaria/authors/james-zou/</link>
      <pubDate>Fri, 01 Sep 2017 00:00:00 +0000</pubDate>
      <guid>https://web.stanford.edu/~vbagaria/authors/james-zou/</guid>
      <description></description>
    </item>
    
    <item>
      <title>Ashwin Pananjady</title>
      <link>https://web.stanford.edu/~vbagaria/authors/ashwin-pananjady/</link>
      <pubDate>Wed, 05 Nov 2014 00:00:00 +0000</pubDate>
      <guid>https://web.stanford.edu/~vbagaria/authors/ashwin-pananjady/</guid>
      <description></description>
    </item>
    
    <item>
      <title>Rahul Vaze</title>
      <link>https://web.stanford.edu/~vbagaria/authors/rahul-vaze/</link>
      <pubDate>Wed, 05 Nov 2014 00:00:00 +0000</pubDate>
      <guid>https://web.stanford.edu/~vbagaria/authors/rahul-vaze/</guid>
      <description></description>
    </item>
    
    <item>
      <title></title>
      <link>https://web.stanford.edu/~vbagaria/authors/vivek/</link>
      <pubDate>Mon, 01 Jan 0001 00:00:00 +0000</pubDate>
      <guid>https://web.stanford.edu/~vbagaria/authors/vivek/</guid>
      <description>&lt;p&gt;I am a final year graduate student at the &lt;a href=&#34;http://isl.stanford.edu/&#34; target=&#34;_blank&#34;&gt;Information Systems Lab&lt;/a&gt; at &lt;a href=&#34;https://stanford.edu&#34; target=&#34;_blank&#34;&gt;Stanford&lt;/a&gt;, advised by &lt;a href=&#34;https://tselab.stanford.edu/&#34; target=&#34;_blank&#34;&gt;David Tse&lt;/a&gt;. I am interested in understanding the fundamentals of blockchain technology and its applications to &lt;em&gt;real world&lt;/em&gt; problems. I like thinking about ways to decentralize the current highly centralized internet industry using open data markets, open source technology and peer-to-peer protocols. I also enjoy designing practical and scalable algorithms with provable guarantees in the field of high dimensional machine learning.&lt;/p&gt;

&lt;p&gt;I spent a year at Applied Protocol Research where I was fortunate to work with &lt;a href=&#34;https://infotheory.ece.uw.edu/&#34; target=&#34;_blank&#34;&gt;Sreeram Kannan&lt;/a&gt;, &lt;a href=&#34;https://www.andrew.cmu.edu/user/gfanti/&#34; target=&#34;_blank&#34;&gt;Guilia Fanti&lt;/a&gt;, &lt;a href=&#34;https://homes.cs.washington.edu/~sewoong/&#34; target=&#34;_blank&#34;&gt;Sewoong Oh&lt;/a&gt; and &lt;a href=&#34;http://pramodv.ece.illinois.edu/&#34; target=&#34;_blank&#34;&gt;Pramod Viswanath&lt;/a&gt;. In 2017 summer, I worked at &lt;a href=&#34;https://www.humanlongevity.com/&#34; target=&#34;_blank&#34;&gt;Human longevity&lt;/a&gt; with &lt;a href=&#34;https://www.linkedin.com/in/alena-harley-7700832/&#34; target=&#34;_blank&#34;&gt;Alena Harley&lt;/a&gt; and &lt;a href=&#34;http://heckerman.com/david/&#34; target=&#34;_blank&#34;&gt;David Hackerman&lt;/a&gt;. Prior to Stanford, I spent one year as a Quantitative Analyst at Goldman Sachs. Before that, I graduated with a B.Tech in Electrical Engineering from the &lt;a href=&#34;https://www.iitm.ac.in/&#34; target=&#34;_blank&#34;&gt;IIT Madras&lt;/a&gt; where I was advised by &lt;a href=&#34;https://www.google.com/search?q=rahul+vaze&amp;amp;oq=rahul+vaze&amp;amp;aqs=chrome..69i57j0l2.1614j0j4&amp;amp;sourceid=chrome&amp;amp;ie=UTF-8&#34; target=&#34;_blank&#34;&gt;Rahul Vaze&lt;/a&gt;, &lt;a href=&#34;http://www.ee.iitm.ac.in/andrew/&#34; target=&#34;_blank&#34;&gt;Andrew Thangaraj&lt;/a&gt; and &lt;a href=&#34;http://www.ee.iitm.ac.in/~rganti/&#34; target=&#34;_blank&#34;&gt;Radhakrishna Ganti&lt;/a&gt;.&lt;/p&gt;
</description>
    </item>
    
  </channel>
</rss>
