[{"authors":["admin"],"categories":null,"content":"I am a final year graduate student at the Information Systems Lab at Stanford, advised by David Tse. I am interested in understanding the fundamentals of blockchain technology and its applications to real world problems. I like thinking about ways to decentralize the current highly centralized internet industry using open data markets, open source technology and peer-to-peer protocols. I also enjoy designing practical and scalable algorithms with provable guarantees in the field of high dimensional machine learning.\nI spent a year at Applied Protocol Research where I was fortunate to work with Sreeram Kannan, Guilia Fanti, Sewoong Oh and Pramod Viswanath. In 2017 summer, I worked at Human longevity with Alena Harley and David Hackerman. Prior to Stanford, I spent one year as a Quantitative Analyst at Goldman Sachs. Before that, I graduated with a B.Tech in Electrical Engineering from the IIT Madras where I was advised by Rahul Vaze, Andrew Thangaraj and Radhakrishna Ganti.\n","date":-62135596800,"expirydate":-62135596800,"kind":"taxonomy","lang":"en","lastmod":-62135596800,"objectID":"350ec32804ac8a10c75079fe656eee88","permalink":"https://web.stanford.edu/~vbagaria/authors/vivek/","publishdate":"0001-01-01T00:00:00Z","relpermalink":"/~vbagaria/authors/vivek/","section":"authors","summary":"I am a final year graduate student at the Information Systems Lab at Stanford, advised by David Tse. I am interested in understanding the fundamentals of blockchain technology and its applications to real world problems. I like thinking about ways to decentralize the current highly centralized internet industry using open data markets, open source technology and peer-to-peer protocols. I also enjoy designing practical and scalable algorithms with provable guarantees in the field of high dimensional machine learning.","tags":null,"title":"Vivek Bagaria","type":"authors"},{"authors":[],"categories":null,"content":" Click on the Slides button above to view the built-in slides feature.   Slides can be added in a few ways:\n Create slides using Academic\u0026rsquo;s Slides feature and link using slides parameter in the front matter of the talk file Upload an existing slide deck to static/ and link using url_slides parameter in the front matter of the talk file Embed your slides (e.g. Google Slides) or presentation video on this page using shortcodes.  Further talk details can easily be added to this page using Markdown and $\\rm \\LaTeX$ math code.\n","date":1573754400,"expirydate":-62135596800,"kind":"page","lang":"en","lastmod":1573754400,"objectID":"332f8b77602b8e4a4323dfb285d7295b","permalink":"https://web.stanford.edu/~vbagaria/talk/uk_blockchain_rg/","publishdate":"2017-01-01T00:00:00Z","relpermalink":"/~vbagaria/talk/uk_blockchain_rg/","section":"talk","summary":"Undisclosed channel balances and mismatched transaction fees cause failures on payment paths. Boomerang is a framework to add risk-free redundant payment paths to improve the latency and throughput of the system by 2x.","tags":[],"title":"Boomerang: Redundancy Improves Latency and Throughput in Payment Networks","type":"talk"},{"authors":[],"categories":null,"content":"","date":1573574400,"expirydate":-62135596800,"kind":"page","lang":"en","lastmod":1573574400,"objectID":"eefc4b32509ad7b868fb7a0ea39b2253","permalink":"https://web.stanford.edu/~vbagaria/talk/ccs/","publishdate":"2017-01-01T00:00:00Z","relpermalink":"/~vbagaria/talk/ccs/","section":"talk","summary":"Deconstructing the blockchain into its basic functionalities and systematically scaling up these to acheive optimal security, throughput and near optimal latency.","tags":[],"title":"Prism: Deconstructing the Blockchain to Approach Physical Limits","type":"talk"},{"authors":["**Vivek Bagaria**","Joachim Neu","David Tse"],"categories":null,"content":"","date":1569888000,"expirydate":-62135596800,"kind":"page","lang":"en","lastmod":1569888000,"objectID":"eafbe4a14e9b3d8b2956bf7a3a73dc02","permalink":"https://web.stanford.edu/~vbagaria/publication/boomerang/","publishdate":"2019-10-01T00:00:00Z","relpermalink":"/~vbagaria/publication/boomerang/","section":"publication","summary":"Undisclosed channel balances and mismatched transaction fees cause failures on payment paths. Boomerang is a framework to add risk-free redundant payment paths to improve the latency and throughput of the system by 2x.","tags":["Blockchain","Payment network","High performance","Protocol","Go"],"title":"Boomerang: Redundancy Improves Latency and Throughput in Payment Networks","type":"publication"},{"authors":["Xuechao Wang","Govinda Kamath","**Vivek Bagaria**","Sreeram Kannan","Sewoong Oh","David Tse","Pramod Viswanath"],"categories":null,"content":"","date":1569888000,"expirydate":-62135596800,"kind":"page","lang":"en","lastmod":1569888000,"objectID":"a0ada8e96e4bdc87d9812222caeeb7ad","permalink":"https://web.stanford.edu/~vbagaria/publication/pos_revisited/","publishdate":"2019-10-01T00:00:00Z","relpermalink":"/~vbagaria/publication/pos_revisited/","section":"publication","summary":"Longest chain based Proof-of-Stake Consensus protcol with provable security properties and same incentive propoerties as Bitcoin","tags":["Blockchain","Security","Proof of Stake","Algorithm"],"title":"Proof-of-Stake Longest Chain Protocols Revisited","type":"publication"},{"authors":[],"categories":null,"content":"","date":1569571200,"expirydate":-62135596800,"kind":"page","lang":"en","lastmod":1569571200,"objectID":"37bf9b9b4f5f0ba03d490c14d03b67d6","permalink":"https://web.stanford.edu/~vbagaria/talk/allerton/","publishdate":"2017-01-01T00:00:00Z","relpermalink":"/~vbagaria/talk/allerton/","section":"talk","summary":"Explained and demonstrated a full-stack implementation of Prism in Rust which acheives '70,000' transactions per second with '40' second latency.","tags":[],"title":"Prism: 7 to 70000 transactions per second","type":"talk"},{"authors":null,"categories":null,"content":"","date":1569542400,"expirydate":-62135596800,"kind":"page","lang":"en","lastmod":1569542400,"objectID":"ddde594507ce68c1061fdb50782f306d","permalink":"https://web.stanford.edu/~vbagaria/software/prism/","publishdate":"2019-09-27T00:00:00Z","relpermalink":"/~vbagaria/software/prism/","section":"software","summary":"Full-stack rust implementation of Prism acheiving '70,000' transactions per second with '40' second latency.","tags":null,"title":"Prism","type":"software"},{"authors":[],"categories":null,"content":"","date":1568221200,"expirydate":-62135596800,"kind":"page","lang":"en","lastmod":1568221200,"objectID":"14520b87e735fa14995599f73f5b7b57","permalink":"https://web.stanford.edu/~vbagaria/talk/scaling_bitcoin/","publishdate":"2017-01-01T00:00:00Z","relpermalink":"/~vbagaria/talk/scaling_bitcoin/","section":"talk","summary":"Explained and demonstrated a full-stack implementation of Prism in Rust which acheives '70,000' transactions per second with '40' second latency.","tags":[],"title":"Scaling Bitcoin by 10,000x","type":"talk"},{"authors":["Lei Yang","**Vivek Bagaria**","Gerui Wang","Mohammad Alizadeh","David Tse","Giulia Fanti","Pramod Viswanath"],"categories":null,"content":" Click the Cite button above to demo the feature to enable visitors to import publication metadata into their reference management software.    Click the Slides button above to demo Academic\u0026rsquo;s Markdown slides feature.   Supplementary notes can be added here, including code and math.\n","date":1567987200,"expirydate":-62135596800,"kind":"page","lang":"en","lastmod":1567987200,"objectID":"a274a8a7adc5fc38c258d5bf953705a8","permalink":"https://web.stanford.edu/~vbagaria/publication/prism-systems/","publishdate":"2019-10-11T00:00:00Z","relpermalink":"/~vbagaria/publication/prism-systems/","section":"publication","summary":"Full-stack implementation of Prism in Rust acheives '70,000' transactions per second with '40' second latency.","tags":["Blockchain","Security","Proof of Work","Rust"],"title":"Prism: Scaling Bitcoin by 10,000x","type":"publication"},{"authors":[],"categories":null,"content":"","date":1565280000,"expirydate":-62135596800,"kind":"page","lang":"en","lastmod":1565280000,"objectID":"1927e56fc9f811a9db3ef6fd93c51c95","permalink":"https://web.stanford.edu/~vbagaria/talk/stanford-blockchain-seminar/","publishdate":"2017-01-01T00:00:00Z","relpermalink":"/~vbagaria/talk/stanford-blockchain-seminar/","section":"talk","summary":"Deconstructing the blockchain into its basic functionalities and systematically scaling up these to acheive optimal security, throughput and near optimal latency.","tags":[],"title":"Prism: Operating Blockchains Near Physical Limits","type":"talk"},{"authors":[],"categories":null,"content":"","date":1560448800,"expirydate":-62135596800,"kind":"page","lang":"en","lastmod":1560448800,"objectID":"8e6a21529ddf788f1a360f85dbee5e72","permalink":"https://web.stanford.edu/~vbagaria/talk/leonardo-artscience-evening-rendezvous/","publishdate":"2017-01-01T00:00:00Z","relpermalink":"/~vbagaria/talk/leonardo-artscience-evening-rendezvous/","section":"talk","summary":"Deconstructing the blockchain into its basic functionalities and systematically scaling up these to acheive optimal security, throughput and near optimal latency.","tags":[],"title":"Prism: Deconstructing the Blockchain to Approach Physical Limits","type":"talk"},{"authors":[],"categories":null,"content":"","date":1558893600,"expirydate":-62135596800,"kind":"page","lang":"en","lastmod":1558893600,"objectID":"e5c7a7682338f149907276f9354c5076","permalink":"https://web.stanford.edu/~vbagaria/talk/ethereum-bay-area-meetup/","publishdate":"2017-01-01T00:00:00Z","relpermalink":"/~vbagaria/talk/ethereum-bay-area-meetup/","section":"talk","summary":"Deconstructing the blockchain into its basic functionalities and systematically scaling up these to acheive optimal security, throughput and near optimal latency.","tags":[],"title":"Prism: Deconstructing the Blockchain to Approach Physical Limits","type":"talk"},{"authors":[],"categories":null,"content":"","date":1546531200,"expirydate":-62135596800,"kind":"page","lang":"en","lastmod":1546531200,"objectID":"5fffd4088952fbf6466b550597db0c02","permalink":"https://web.stanford.edu/~vbagaria/talk/iisc_bc/","publishdate":"2019-01-03T16:00:00Z","relpermalink":"/~vbagaria/talk/iisc_bc/","section":"talk","summary":"Deconstructing the blockchain into its basic functionalities and systematically scaling up these to acheive optimal security, throughput and near optimal latency.","tags":[],"title":"Prism: Deconstructing the Blockchain to Approach Physical Limits","type":"talk"},{"authors":[],"categories":null,"content":"","date":1546340400,"expirydate":-62135596800,"kind":"page","lang":"en","lastmod":1546340400,"objectID":"057bd2f8b4e19d057d53693871ac1a1e","permalink":"https://web.stanford.edu/~vbagaria/talk/microsoft_india/","publishdate":"2019-01-01T11:00:00Z","relpermalink":"/~vbagaria/talk/microsoft_india/","section":"talk","summary":"Deconstructing the blockchain into its basic functionalities and systematically scaling up these to acheive optimal security, throughput and near optimal latency.","tags":[],"title":"Prism: Deconstructing the Blockchain to Approach Physical Limits","type":"talk"},{"authors":[],"categories":null,"content":"","date":1539187200,"expirydate":-62135596800,"kind":"page","lang":"en","lastmod":1539187200,"objectID":"bf5a6988ffcf70b44a89ae037678741d","permalink":"https://web.stanford.edu/~vbagaria/talk/baylearn/","publishdate":"2018-10-10T17:00:00Z","relpermalink":"/~vbagaria/talk/baylearn/","section":"talk","summary":"Fast algorit\thms for k-nearest neighbhours, k-means, heirarchical clustering using on adaptive sampling via multi armed bandits.","tags":[],"title":"Adaptive Monte Carlo optimization","type":"talk"},{"authors":["**Vivek Bagaria**","Sreeram Kannan","David Tse","Giulia Fanti","Pramod Viswanath"],"categories":null,"content":"","date":1538956800,"expirydate":-62135596800,"kind":"page","lang":"en","lastmod":1538956800,"objectID":"e0668644da0057e4a4eba61c2e9fe237","permalink":"https://web.stanford.edu/~vbagaria/publication/prism-theory/","publishdate":"2019-10-11T00:00:00Z","relpermalink":"/~vbagaria/publication/prism-theory/","section":"publication","summary":"Deconstructing the blockchain into its basic functionalities and systematically scaling up these to acheive optimal security, throughput and near optimal latency.","tags":["Blockchain","Security","Proof of Work","Algorithm","Optimal","Analysis"],"title":"Prism: Deconstructing the Blockchain to Approach Physical Limits","type":"publication"},{"authors":null,"categories":null,"content":"","date":1527379200,"expirydate":-62135596800,"kind":"page","lang":"en","lastmod":1527379200,"objectID":"78d69c2ab4be1909c5d933731dcc8595","permalink":"https://web.stanford.edu/~vbagaria/software/amo/","publishdate":"2018-05-27T00:00:00Z","relpermalink":"/~vbagaria/software/amo/","section":"software","summary":"State of the art algorithms for k-nearest neighbour and k-means implemented in C++.","tags":null,"title":"AMO","type":"software"},{"authors":["**Vivek Bagaria**","Govinda Kamath","David Tse"],"categories":null,"content":"","date":1525132800,"expirydate":-62135596800,"kind":"page","lang":"en","lastmod":1525132800,"objectID":"563e44c08d76ada40638fc9c68971318","permalink":"https://web.stanford.edu/~vbagaria/publication/amo/","publishdate":"2018-05-01T00:00:00Z","relpermalink":"/~vbagaria/publication/amo/","section":"publication","summary":"State of the art algorithms for k-nearest neighbhours, k-means, heirarchical clustering based on adaptive sampling via multi armed bandits. . Our implementation improves on the previous best algorithms by 10x in wall-clock time.","tags":["Machine Learning","High dimensions","Algorithm","Bandits","C++"],"title":"Adaptive Monte-Carlo Optimization","type":"publication"},{"authors":null,"categories":null,"content":"","date":1524787200,"expirydate":-62135596800,"kind":"page","lang":"en","lastmod":1524787200,"objectID":"5c5e1effb695b7233d111fb14dedd11c","permalink":"https://web.stanford.edu/~vbagaria/software/meddit/","publishdate":"2018-04-27T00:00:00Z","relpermalink":"/~vbagaria/software/meddit/","section":"software","summary":"Scalable medoid computation for high dimensional clustering using multi-armed bandits.","tags":null,"title":"Meddit","type":"software"},{"authors":["**Vivek Bagaria**","Jian Ding","David Tse","Yihoong Wu","Jiaming Xu"],"categories":null,"content":"","date":1523145600,"expirydate":-62135596800,"kind":"page","lang":"en","lastmod":1523145600,"objectID":"34530a668ba0c92934e46f0ed43bbcec","permalink":"https://web.stanford.edu/~vbagaria/publication/hamiltonian_path/","publishdate":"2019-10-11T00:00:00Z","relpermalink":"/~vbagaria/publication/hamiltonian_path/","section":"publication","summary":"Average case instance of the traveling salesman problem for a graph with V vertices and E edges can be solved in O(VE) time via LP.","tags":["Machine Learning","Algorithm","Analysis","Python"],"title":"Hidden Hamiltonian Cycle Recovery via Linear Programming","type":"publication"},{"authors":[],"categories":null,"content":"","date":1514995200,"expirydate":-62135596800,"kind":"page","lang":"en","lastmod":1514995200,"objectID":"607ccf9a7eff7734ce4fd0037230050a","permalink":"https://web.stanford.edu/~vbagaria/talk/iisc_ml/","publishdate":"2018-01-03T17:00:00Z","relpermalink":"/~vbagaria/talk/iisc_ml/","section":"talk","summary":"Fast algorithms for k-nearest neighbhours, k-means, heirarchical clustering using on adaptive sampling via multi armed bandits.","tags":[],"title":"Adaptive Monte Carlo optimization","type":"talk"},{"authors":["**Vivek Bagaria**","Govinda Kamath","Vasilis ntranos","Martin Zhang","David Tse"],"categories":null,"content":"","date":1509494400,"expirydate":-62135596800,"kind":"page","lang":"en","lastmod":1509494400,"objectID":"f406470ac8e9bd3ed2580ba69ca0f7e7","permalink":"https://web.stanford.edu/~vbagaria/publication/meddit/","publishdate":"2018-05-01T00:00:00Z","relpermalink":"/~vbagaria/publication/meddit/","section":"publication","summary":"Compute the medoid (high dimensional median) for n points in O(n log n) time.","tags":["Machine Learning","High dimensions","Algorithm","Bandits","Python"],"title":"Medoids in almost linear time via multi-armed bandits","type":"publication"},{"authors":["Abubakar Abid","Martin Zhang","**Vivek Bagaria**","James Zou"],"categories":null,"content":"","date":1504224000,"expirydate":-62135596800,"kind":"page","lang":"en","lastmod":1504224000,"objectID":"168b5d22b6fc2c7700c09db9a8476e2b","permalink":"https://web.stanford.edu/~vbagaria/publication/constrastive/","publishdate":"2017-05-01T00:00:00Z","relpermalink":"/~vbagaria/publication/constrastive/","section":"publication","summary":"Contrastive principal component analysis discovers unqiue features of a given dataset relative to another dataset.","tags":["Machine Learning","Methods","Python"],"title":"Exploring patterns enriched in a dataset with contrastive principal component analysis","type":"publication"},{"authors":["Ashwin Pananjady","**Vivek Bagaria**","Rahul Vaze"],"categories":null,"content":"","date":1415145600,"expirydate":-62135596800,"kind":"page","lang":"en","lastmod":1415145600,"objectID":"fd67ea5eaa78e5c2ca3064bda5ea56db","permalink":"https://web.stanford.edu/~vbagaria/publication/online-disjoin-set-cover/","publishdate":"2019-10-11T00:00:00Z","relpermalink":"/~vbagaria/publication/online-disjoin-set-cover/","section":"publication","summary":"Optimal approximation algorithm for online version of the disjoint set cover problem.","tags":["Algorithm"],"title":"The Online Disjoint Set Cover Problem and its Applications","type":"publication"},{"authors":["Ashwin Pananjady","**Vivek Bagaria**","Rahul Vaze"],"categories":null,"content":"","date":1380499200,"expirydate":-62135596800,"kind":"page","lang":"en","lastmod":1380499200,"objectID":"50a563cd4e6f0300d190a8d566b0a396","permalink":"https://web.stanford.edu/~vbagaria/publication/max_selfish_users/","publishdate":"2019-10-11T00:00:00Z","relpermalink":"/~vbagaria/publication/max_selfish_users/","section":"publication","summary":"Optimal algorithm for selfish decentralized file-exchange paradigm of give-and-take, whereby two users can exchange files only if each has something unique to offer the other.","tags":["Algorithm"],"title":"Maximizing Utility Among Selfish Users in Social Groups","type":"publication"},{"authors":["**Vivek Bagaria**","Ashwin Pananjady","Rahul Vaze"],"categories":null,"content":"","date":1372982400,"expirydate":-62135596800,"kind":"page","lang":"en","lastmod":1372982400,"objectID":"3ff3994e8c9c970c5a905e72e84360af","permalink":"https://web.stanford.edu/~vbagaria/publication/optimal_sensor_network/","publishdate":"2019-10-11T00:00:00Z","relpermalink":"/~vbagaria/publication/optimal_sensor_network/","section":"publication","summary":"Formulated maximizing the lifetime of a battery limited sensor network as a maximum disjoint set covers problem and obtained optimal approximation algorithm with good empirical performance.","tags":["Algorithm"],"title":"Optimally Approximating the Coverage Lifetime of Wireless Sensor Networks","type":"publication"}]