<?xml version="1.0" encoding="utf-8" standalone="yes" ?>
<rss version="2.0" xmlns:atom="http://www.w3.org/2005/Atom">
  <channel>
    <title>Vivek Bagaria</title>
    <link>https://web.stanford.edu/~vbagaria/</link>
      <atom:link href="https://web.stanford.edu/~vbagaria/index.xml" rel="self" type="application/rss+xml" />
    <description>Vivek Bagaria</description>
    <generator>Source Themes Academic (https://sourcethemes.com/academic/)</generator><language>en-us</language><lastBuildDate>Thu, 14 Nov 2019 18:00:00 +0000</lastBuildDate>
    <image>
      <url>https://web.stanford.edu/~vbagaria/img/icon-192.png</url>
      <title>Vivek Bagaria</title>
      <link>https://web.stanford.edu/~vbagaria/</link>
    </image>
    
    <item>
      <title>Boomerang: Redundancy Improves Latency and Throughput in Payment Networks</title>
      <link>https://web.stanford.edu/~vbagaria/talk/uk_blockchain_rg/</link>
      <pubDate>Thu, 14 Nov 2019 18:00:00 +0000</pubDate>
      <guid>https://web.stanford.edu/~vbagaria/talk/uk_blockchain_rg/</guid>
      <description>&lt;div class=&#34;alert alert-note&#34;&gt;
  &lt;div&gt;
    Click on the &lt;strong&gt;Slides&lt;/strong&gt; button above to view the built-in slides feature.
  &lt;/div&gt;
&lt;/div&gt;

&lt;p&gt;Slides can be added in a few ways:&lt;/p&gt;

&lt;ul&gt;
&lt;li&gt;&lt;strong&gt;Create&lt;/strong&gt; slides using Academic&amp;rsquo;s &lt;a href=&#34;https://sourcethemes.com/academic/docs/managing-content/#create-slides&#34; target=&#34;_blank&#34;&gt;&lt;em&gt;Slides&lt;/em&gt;&lt;/a&gt; feature and link using &lt;code&gt;slides&lt;/code&gt; parameter in the front matter of the talk file&lt;/li&gt;
&lt;li&gt;&lt;strong&gt;Upload&lt;/strong&gt; an existing slide deck to &lt;code&gt;static/&lt;/code&gt; and link using &lt;code&gt;url_slides&lt;/code&gt; parameter in the front matter of the talk file&lt;/li&gt;
&lt;li&gt;&lt;strong&gt;Embed&lt;/strong&gt; your slides (e.g. Google Slides) or presentation video on this page using &lt;a href=&#34;https://sourcethemes.com/academic/docs/writing-markdown-latex/&#34; target=&#34;_blank&#34;&gt;shortcodes&lt;/a&gt;.&lt;/li&gt;
&lt;/ul&gt;

&lt;p&gt;Further talk details can easily be added to this page using &lt;em&gt;Markdown&lt;/em&gt; and $\rm \LaTeX$ math code.&lt;/p&gt;
</description>
    </item>
    
    <item>
      <title>Prism: Deconstructing the Blockchain to Approach Physical Limits</title>
      <link>https://web.stanford.edu/~vbagaria/talk/ccs/</link>
      <pubDate>Tue, 12 Nov 2019 16:00:00 +0000</pubDate>
      <guid>https://web.stanford.edu/~vbagaria/talk/ccs/</guid>
      <description></description>
    </item>
    
    <item>
      <title>Boomerang: Redundancy Improves Latency and Throughput in Payment Networks</title>
      <link>https://web.stanford.edu/~vbagaria/publication/boomerang/</link>
      <pubDate>Tue, 01 Oct 2019 00:00:00 +0000</pubDate>
      <guid>https://web.stanford.edu/~vbagaria/publication/boomerang/</guid>
      <description></description>
    </item>
    
    <item>
      <title>Proof-of-Stake Longest Chain Protocols Revisited</title>
      <link>https://web.stanford.edu/~vbagaria/publication/pos_revisited/</link>
      <pubDate>Tue, 01 Oct 2019 00:00:00 +0000</pubDate>
      <guid>https://web.stanford.edu/~vbagaria/publication/pos_revisited/</guid>
      <description></description>
    </item>
    
    <item>
      <title>Prism: 7 to 70000 transactions per second</title>
      <link>https://web.stanford.edu/~vbagaria/talk/allerton/</link>
      <pubDate>Fri, 27 Sep 2019 08:00:00 +0000</pubDate>
      <guid>https://web.stanford.edu/~vbagaria/talk/allerton/</guid>
      <description></description>
    </item>
    
    <item>
      <title>Prism</title>
      <link>https://web.stanford.edu/~vbagaria/software/prism/</link>
      <pubDate>Fri, 27 Sep 2019 00:00:00 +0000</pubDate>
      <guid>https://web.stanford.edu/~vbagaria/software/prism/</guid>
      <description></description>
    </item>
    
    <item>
      <title>Scaling Bitcoin by 10,000x</title>
      <link>https://web.stanford.edu/~vbagaria/talk/scaling_bitcoin/</link>
      <pubDate>Wed, 11 Sep 2019 17:00:00 +0000</pubDate>
      <guid>https://web.stanford.edu/~vbagaria/talk/scaling_bitcoin/</guid>
      <description></description>
    </item>
    
    <item>
      <title>Prism: Scaling Bitcoin by 10,000x</title>
      <link>https://web.stanford.edu/~vbagaria/publication/prism-systems/</link>
      <pubDate>Mon, 09 Sep 2019 00:00:00 +0000</pubDate>
      <guid>https://web.stanford.edu/~vbagaria/publication/prism-systems/</guid>
      <description>&lt;div class=&#34;alert alert-note&#34;&gt;
  &lt;div&gt;
    Click the &lt;em&gt;Cite&lt;/em&gt; button above to demo the feature to enable visitors to import publication metadata into their reference management software.
  &lt;/div&gt;
&lt;/div&gt;

&lt;div class=&#34;alert alert-note&#34;&gt;
  &lt;div&gt;
    Click the &lt;em&gt;Slides&lt;/em&gt; button above to demo Academic&amp;rsquo;s Markdown slides feature.
  &lt;/div&gt;
&lt;/div&gt;

&lt;p&gt;Supplementary notes can be added here, including &lt;a href=&#34;https://sourcethemes.com/academic/docs/writing-markdown-latex/&#34; target=&#34;_blank&#34;&gt;code and math&lt;/a&gt;.&lt;/p&gt;
</description>
    </item>
    
    <item>
      <title>Prism: Operating Blockchains Near Physical Limits</title>
      <link>https://web.stanford.edu/~vbagaria/talk/stanford-blockchain-seminar/</link>
      <pubDate>Thu, 08 Aug 2019 16:00:00 +0000</pubDate>
      <guid>https://web.stanford.edu/~vbagaria/talk/stanford-blockchain-seminar/</guid>
      <description></description>
    </item>
    
    <item>
      <title>Prism: Deconstructing the Blockchain to Approach Physical Limits</title>
      <link>https://web.stanford.edu/~vbagaria/talk/leonardo-artscience-evening-rendezvous/</link>
      <pubDate>Thu, 13 Jun 2019 18:00:00 +0000</pubDate>
      <guid>https://web.stanford.edu/~vbagaria/talk/leonardo-artscience-evening-rendezvous/</guid>
      <description></description>
    </item>
    
    <item>
      <title>Prism: Deconstructing the Blockchain to Approach Physical Limits</title>
      <link>https://web.stanford.edu/~vbagaria/talk/ethereum-bay-area-meetup/</link>
      <pubDate>Sun, 26 May 2019 18:00:00 +0000</pubDate>
      <guid>https://web.stanford.edu/~vbagaria/talk/ethereum-bay-area-meetup/</guid>
      <description></description>
    </item>
    
    <item>
      <title>Prism: Deconstructing the Blockchain to Approach Physical Limits</title>
      <link>https://web.stanford.edu/~vbagaria/talk/iisc_bc/</link>
      <pubDate>Thu, 03 Jan 2019 16:00:00 +0000</pubDate>
      <guid>https://web.stanford.edu/~vbagaria/talk/iisc_bc/</guid>
      <description></description>
    </item>
    
    <item>
      <title>Prism: Deconstructing the Blockchain to Approach Physical Limits</title>
      <link>https://web.stanford.edu/~vbagaria/talk/microsoft_india/</link>
      <pubDate>Tue, 01 Jan 2019 11:00:00 +0000</pubDate>
      <guid>https://web.stanford.edu/~vbagaria/talk/microsoft_india/</guid>
      <description></description>
    </item>
    
    <item>
      <title>Adaptive Monte Carlo optimization</title>
      <link>https://web.stanford.edu/~vbagaria/talk/baylearn/</link>
      <pubDate>Wed, 10 Oct 2018 16:00:00 +0000</pubDate>
      <guid>https://web.stanford.edu/~vbagaria/talk/baylearn/</guid>
      <description></description>
    </item>
    
    <item>
      <title>Prism: Deconstructing the Blockchain to Approach Physical Limits</title>
      <link>https://web.stanford.edu/~vbagaria/publication/prism-theory/</link>
      <pubDate>Mon, 08 Oct 2018 00:00:00 +0000</pubDate>
      <guid>https://web.stanford.edu/~vbagaria/publication/prism-theory/</guid>
      <description></description>
    </item>
    
    <item>
      <title>AMO</title>
      <link>https://web.stanford.edu/~vbagaria/software/amo/</link>
      <pubDate>Sun, 27 May 2018 00:00:00 +0000</pubDate>
      <guid>https://web.stanford.edu/~vbagaria/software/amo/</guid>
      <description></description>
    </item>
    
    <item>
      <title>Adaptive Monte-Carlo Optimization</title>
      <link>https://web.stanford.edu/~vbagaria/publication/amo/</link>
      <pubDate>Tue, 01 May 2018 00:00:00 +0000</pubDate>
      <guid>https://web.stanford.edu/~vbagaria/publication/amo/</guid>
      <description></description>
    </item>
    
    <item>
      <title>Meddit</title>
      <link>https://web.stanford.edu/~vbagaria/software/meddit/</link>
      <pubDate>Fri, 27 Apr 2018 00:00:00 +0000</pubDate>
      <guid>https://web.stanford.edu/~vbagaria/software/meddit/</guid>
      <description></description>
    </item>
    
    <item>
      <title>Hidden Hamiltonian Cycle Recovery via Linear Programming</title>
      <link>https://web.stanford.edu/~vbagaria/publication/hamiltonian_path/</link>
      <pubDate>Sun, 08 Apr 2018 00:00:00 +0000</pubDate>
      <guid>https://web.stanford.edu/~vbagaria/publication/hamiltonian_path/</guid>
      <description></description>
    </item>
    
    <item>
      <title>Adaptive Monte Carlo optimization</title>
      <link>https://web.stanford.edu/~vbagaria/talk/iisc_ml/</link>
      <pubDate>Wed, 03 Jan 2018 16:00:00 +0000</pubDate>
      <guid>https://web.stanford.edu/~vbagaria/talk/iisc_ml/</guid>
      <description></description>
    </item>
    
    <item>
      <title>Medoids in almost linear time via multi-armed bandits</title>
      <link>https://web.stanford.edu/~vbagaria/publication/meddit/</link>
      <pubDate>Wed, 01 Nov 2017 00:00:00 +0000</pubDate>
      <guid>https://web.stanford.edu/~vbagaria/publication/meddit/</guid>
      <description></description>
    </item>
    
    <item>
      <title>Exploring patterns enriched in a dataset with contrastive principal component analysis</title>
      <link>https://web.stanford.edu/~vbagaria/publication/constrastive/</link>
      <pubDate>Fri, 01 Sep 2017 00:00:00 +0000</pubDate>
      <guid>https://web.stanford.edu/~vbagaria/publication/constrastive/</guid>
      <description></description>
    </item>
    
    <item>
      <title>The Online Disjoint Set Cover Problem and its Applications</title>
      <link>https://web.stanford.edu/~vbagaria/publication/online-disjoin-set-cover/</link>
      <pubDate>Wed, 05 Nov 2014 00:00:00 +0000</pubDate>
      <guid>https://web.stanford.edu/~vbagaria/publication/online-disjoin-set-cover/</guid>
      <description></description>
    </item>
    
    <item>
      <title>Maximizing Utility Among Selfish Users in Social Groups</title>
      <link>https://web.stanford.edu/~vbagaria/publication/max_selfish_users/</link>
      <pubDate>Mon, 30 Sep 2013 00:00:00 +0000</pubDate>
      <guid>https://web.stanford.edu/~vbagaria/publication/max_selfish_users/</guid>
      <description></description>
    </item>
    
    <item>
      <title>Optimally Approximating the Coverage Lifetime of Wireless Sensor Networks</title>
      <link>https://web.stanford.edu/~vbagaria/publication/optimal_sensor_network/</link>
      <pubDate>Fri, 05 Jul 2013 00:00:00 +0000</pubDate>
      <guid>https://web.stanford.edu/~vbagaria/publication/optimal_sensor_network/</guid>
      <description></description>
    </item>
    
  </channel>
</rss>
