<?xml version="1.0" encoding="utf-8" standalone="yes" ?>
<rss version="2.0" xmlns:atom="http://www.w3.org/2005/Atom">
  <channel>
    <title>Publications | Vivek Bagaria</title>
    <link>https://web.stanford.edu/~vbagaria/publication/</link>
      <atom:link href="https://web.stanford.edu/~vbagaria/publication/index.xml" rel="self" type="application/rss+xml" />
    <description>Publications</description>
    <generator>Source Themes Academic (https://sourcethemes.com/academic/)</generator><language>en-us</language><lastBuildDate>Tue, 01 Oct 2019 00:00:00 +0000</lastBuildDate>
    <image>
      <url>https://web.stanford.edu/~vbagaria/img/icon-192.png</url>
      <title>Publications</title>
      <link>https://web.stanford.edu/~vbagaria/publication/</link>
    </image>
    
    <item>
      <title>Boomerang: Redundancy Improves Latency and Throughput in Payment Networks</title>
      <link>https://web.stanford.edu/~vbagaria/publication/boomerang/</link>
      <pubDate>Tue, 01 Oct 2019 00:00:00 +0000</pubDate>
      <guid>https://web.stanford.edu/~vbagaria/publication/boomerang/</guid>
      <description></description>
    </item>
    
    <item>
      <title>Proof-of-Stake Longest Chain Protocols Revisited</title>
      <link>https://web.stanford.edu/~vbagaria/publication/pos_revisited/</link>
      <pubDate>Tue, 01 Oct 2019 00:00:00 +0000</pubDate>
      <guid>https://web.stanford.edu/~vbagaria/publication/pos_revisited/</guid>
      <description></description>
    </item>
    
    <item>
      <title>Prism: Scaling Bitcoin by 10,000x</title>
      <link>https://web.stanford.edu/~vbagaria/publication/prism-systems/</link>
      <pubDate>Mon, 09 Sep 2019 00:00:00 +0000</pubDate>
      <guid>https://web.stanford.edu/~vbagaria/publication/prism-systems/</guid>
      <description>&lt;div class=&#34;alert alert-note&#34;&gt;
  &lt;div&gt;
    Click the &lt;em&gt;Cite&lt;/em&gt; button above to demo the feature to enable visitors to import publication metadata into their reference management software.
  &lt;/div&gt;
&lt;/div&gt;

&lt;div class=&#34;alert alert-note&#34;&gt;
  &lt;div&gt;
    Click the &lt;em&gt;Slides&lt;/em&gt; button above to demo Academic&amp;rsquo;s Markdown slides feature.
  &lt;/div&gt;
&lt;/div&gt;

&lt;p&gt;Supplementary notes can be added here, including &lt;a href=&#34;https://sourcethemes.com/academic/docs/writing-markdown-latex/&#34; target=&#34;_blank&#34;&gt;code and math&lt;/a&gt;.&lt;/p&gt;
</description>
    </item>
    
    <item>
      <title>Prism: Deconstructing the Blockchain to Approach Physical Limits</title>
      <link>https://web.stanford.edu/~vbagaria/publication/prism-theory/</link>
      <pubDate>Mon, 08 Oct 2018 00:00:00 +0000</pubDate>
      <guid>https://web.stanford.edu/~vbagaria/publication/prism-theory/</guid>
      <description></description>
    </item>
    
    <item>
      <title>Adaptive Monte-Carlo Optimization</title>
      <link>https://web.stanford.edu/~vbagaria/publication/amo/</link>
      <pubDate>Tue, 01 May 2018 00:00:00 +0000</pubDate>
      <guid>https://web.stanford.edu/~vbagaria/publication/amo/</guid>
      <description></description>
    </item>
    
    <item>
      <title>Hidden Hamiltonian Cycle Recovery via Linear Programming</title>
      <link>https://web.stanford.edu/~vbagaria/publication/hamiltonian_path/</link>
      <pubDate>Sun, 08 Apr 2018 00:00:00 +0000</pubDate>
      <guid>https://web.stanford.edu/~vbagaria/publication/hamiltonian_path/</guid>
      <description></description>
    </item>
    
    <item>
      <title>Medoids in almost linear time via multi-armed bandits</title>
      <link>https://web.stanford.edu/~vbagaria/publication/meddit/</link>
      <pubDate>Wed, 01 Nov 2017 00:00:00 +0000</pubDate>
      <guid>https://web.stanford.edu/~vbagaria/publication/meddit/</guid>
      <description></description>
    </item>
    
    <item>
      <title>Exploring patterns enriched in a dataset with contrastive principal component analysis</title>
      <link>https://web.stanford.edu/~vbagaria/publication/constrastive/</link>
      <pubDate>Fri, 01 Sep 2017 00:00:00 +0000</pubDate>
      <guid>https://web.stanford.edu/~vbagaria/publication/constrastive/</guid>
      <description></description>
    </item>
    
    <item>
      <title>The Online Disjoint Set Cover Problem and its Applications</title>
      <link>https://web.stanford.edu/~vbagaria/publication/online-disjoin-set-cover/</link>
      <pubDate>Wed, 05 Nov 2014 00:00:00 +0000</pubDate>
      <guid>https://web.stanford.edu/~vbagaria/publication/online-disjoin-set-cover/</guid>
      <description></description>
    </item>
    
    <item>
      <title>Maximizing Utility Among Selfish Users in Social Groups</title>
      <link>https://web.stanford.edu/~vbagaria/publication/max_selfish_users/</link>
      <pubDate>Mon, 30 Sep 2013 00:00:00 +0000</pubDate>
      <guid>https://web.stanford.edu/~vbagaria/publication/max_selfish_users/</guid>
      <description></description>
    </item>
    
    <item>
      <title>Optimally Approximating the Coverage Lifetime of Wireless Sensor Networks</title>
      <link>https://web.stanford.edu/~vbagaria/publication/optimal_sensor_network/</link>
      <pubDate>Fri, 05 Jul 2013 00:00:00 +0000</pubDate>
      <guid>https://web.stanford.edu/~vbagaria/publication/optimal_sensor_network/</guid>
      <description></description>
    </item>
    
  </channel>
</rss>
