<?xml version="1.0" encoding="utf-8" standalone="yes" ?>
<rss version="2.0" xmlns:atom="http://www.w3.org/2005/Atom">
  <channel>
    <title>C&#43;&#43; | Vivek Bagaria</title>
    <link>https://web.stanford.edu/~vbagaria/tags/c&#43;&#43;/</link>
      <atom:link href="https://web.stanford.edu/~vbagaria/tags/c++/index.xml" rel="self" type="application/rss+xml" />
    <description>C&#43;&#43;</description>
    <generator>Source Themes Academic (https://sourcethemes.com/academic/)</generator><language>en-us</language><lastBuildDate>Tue, 01 May 2018 00:00:00 +0000</lastBuildDate>
    <image>
      <url>https://web.stanford.edu/~vbagaria/img/icon-192.png</url>
      <title>C&#43;&#43;</title>
      <link>https://web.stanford.edu/~vbagaria/tags/c&#43;&#43;/</link>
    </image>
    
    <item>
      <title>Adaptive Monte-Carlo Optimization</title>
      <link>https://web.stanford.edu/~vbagaria/publication/amo/</link>
      <pubDate>Tue, 01 May 2018 00:00:00 +0000</pubDate>
      <guid>https://web.stanford.edu/~vbagaria/publication/amo/</guid>
      <description></description>
    </item>
    
  </channel>
</rss>
