<?xml version="1.0" encoding="utf-8" standalone="yes" ?>
<rss version="2.0" xmlns:atom="http://www.w3.org/2005/Atom">
  <channel>
    <title>Design | Vivek Bagaria</title>
    <link>https://bagavi.github.io/personal/tags/design/</link>
      <atom:link href="https://bagavi.github.io/personal/tags/design/index.xml" rel="self" type="application/rss+xml" />
    <description>Design</description>
    <generator>Source Themes Academic (https://sourcethemes.com/academic/)</generator><language>en-us</language><lastBuildDate>Mon, 30 Sep 2013 00:00:00 +0000</lastBuildDate>
    <image>
      <url>https://bagavi.github.io/personal/img/icon-192.png</url>
      <title>Design</title>
      <link>https://bagavi.github.io/personal/tags/design/</link>
    </image>
    
    <item>
      <title>Maximizing Utility Among Selfish Users in Social Groups</title>
      <link>https://bagavi.github.io/personal/publication/max_selfish_users/</link>
      <pubDate>Mon, 30 Sep 2013 00:00:00 +0000</pubDate>
      <guid>https://bagavi.github.io/personal/publication/max_selfish_users/</guid>
      <description></description>
    </item>
    
  </channel>
</rss>
