<?xml version="1.0" encoding="utf-8" standalone="yes" ?>
<rss version="2.0" xmlns:atom="http://www.w3.org/2005/Atom">
  <channel>
    <title>Giulia Fanti | Vivek Bagaria</title>
    <link>https://web.stanford.edu/~vbagaria/authors/giulia-fanti/</link>
      <atom:link href="https://web.stanford.edu/~vbagaria/authors/giulia-fanti/index.xml" rel="self" type="application/rss+xml" />
    <description>Giulia Fanti</description>
    <generator>Source Themes Academic (https://sourcethemes.com/academic/)</generator><language>en-us</language><lastBuildDate>Mon, 09 Sep 2019 00:00:00 +0000</lastBuildDate>
    <image>
      <url>https://web.stanford.edu/~vbagaria/img/icon-192.png</url>
      <title>Giulia Fanti</title>
      <link>https://web.stanford.edu/~vbagaria/authors/giulia-fanti/</link>
    </image>
    
    <item>
      <title>Prism: Scaling Bitcoin by 10,000x</title>
      <link>https://web.stanford.edu/~vbagaria/publication/prism-systems/</link>
      <pubDate>Mon, 09 Sep 2019 00:00:00 +0000</pubDate>
      <guid>https://web.stanford.edu/~vbagaria/publication/prism-systems/</guid>
      <description>&lt;div class=&#34;alert alert-note&#34;&gt;
  &lt;div&gt;
    Click the &lt;em&gt;Cite&lt;/em&gt; button above to demo the feature to enable visitors to import publication metadata into their reference management software.
  &lt;/div&gt;
&lt;/div&gt;

&lt;div class=&#34;alert alert-note&#34;&gt;
  &lt;div&gt;
    Click the &lt;em&gt;Slides&lt;/em&gt; button above to demo Academic&amp;rsquo;s Markdown slides feature.
  &lt;/div&gt;
&lt;/div&gt;

&lt;p&gt;Supplementary notes can be added here, including &lt;a href=&#34;https://sourcethemes.com/academic/docs/writing-markdown-latex/&#34; target=&#34;_blank&#34;&gt;code and math&lt;/a&gt;.&lt;/p&gt;
</description>
    </item>
    
    <item>
      <title>Prism: Deconstructing the Blockchain to Approach Physical Limits</title>
      <link>https://web.stanford.edu/~vbagaria/publication/prism-theory/</link>
      <pubDate>Mon, 08 Oct 2018 00:00:00 +0000</pubDate>
      <guid>https://web.stanford.edu/~vbagaria/publication/prism-theory/</guid>
      <description></description>
    </item>
    
  </channel>
</rss>
