<?xml version="1.0" encoding="utf-8" standalone="yes" ?>
<rss version="2.0" xmlns:atom="http://www.w3.org/2005/Atom">
  <channel>
    <title>Vasilis ntranos | Vivek Bagaria</title>
    <link>https://web.stanford.edu/~vbagaria/authors/vasilis-ntranos/</link>
      <atom:link href="https://web.stanford.edu/~vbagaria/authors/vasilis-ntranos/index.xml" rel="self" type="application/rss+xml" />
    <description>Vasilis ntranos</description>
    <generator>Source Themes Academic (https://sourcethemes.com/academic/)</generator><language>en-us</language><lastBuildDate>Wed, 01 Nov 2017 00:00:00 +0000</lastBuildDate>
    <image>
      <url>https://web.stanford.edu/~vbagaria/img/icon-192.png</url>
      <title>Vasilis ntranos</title>
      <link>https://web.stanford.edu/~vbagaria/authors/vasilis-ntranos/</link>
    </image>
    
    <item>
      <title>Medoids in almost linear time via multi-armed bandits</title>
      <link>https://web.stanford.edu/~vbagaria/publication/meddit/</link>
      <pubDate>Wed, 01 Nov 2017 00:00:00 +0000</pubDate>
      <guid>https://web.stanford.edu/~vbagaria/publication/meddit/</guid>
      <description></description>
    </item>
    
  </channel>
</rss>
