<?xml version="1.0" encoding="utf-8" standalone="yes" ?>
<rss version="2.0" xmlns:atom="http://www.w3.org/2005/Atom">
  <channel>
    <title>Jiaming Xu | Vivek Bagaria</title>
    <link>https://web.stanford.edu/~vbagaria/authors/jiaming-xu/</link>
      <atom:link href="https://web.stanford.edu/~vbagaria/authors/jiaming-xu/index.xml" rel="self" type="application/rss+xml" />
    <description>Jiaming Xu</description>
    <generator>Source Themes Academic (https://sourcethemes.com/academic/)</generator><language>en-us</language><lastBuildDate>Sun, 08 Apr 2018 00:00:00 +0000</lastBuildDate>
    <image>
      <url>https://web.stanford.edu/~vbagaria/img/icon-192.png</url>
      <title>Jiaming Xu</title>
      <link>https://web.stanford.edu/~vbagaria/authors/jiaming-xu/</link>
    </image>
    
    <item>
      <title>Hidden Hamiltonian Cycle Recovery via Linear Programming</title>
      <link>https://web.stanford.edu/~vbagaria/publication/hamiltonian_path/</link>
      <pubDate>Sun, 08 Apr 2018 00:00:00 +0000</pubDate>
      <guid>https://web.stanford.edu/~vbagaria/publication/hamiltonian_path/</guid>
      <description></description>
    </item>
    
  </channel>
</rss>
