<?xml version="1.0" encoding="utf-8" standalone="yes" ?>
<rss version="2.0" xmlns:atom="http://www.w3.org/2005/Atom">
  <channel>
    <title>Method | Vivek Bagaria</title>
    <link>https://bagavi.github.io/personal/tags/method/</link>
      <atom:link href="https://bagavi.github.io/personal/tags/method/index.xml" rel="self" type="application/rss+xml" />
    <description>Method</description>
    <generator>Source Themes Academic (https://sourcethemes.com/academic/)</generator><language>en-us</language><lastBuildDate>Tue, 01 Oct 2019 00:00:00 +0000</lastBuildDate>
    <image>
      <url>https://bagavi.github.io/personal/img/icon-192.png</url>
      <title>Method</title>
      <link>https://bagavi.github.io/personal/tags/method/</link>
    </image>
    
    <item>
      <title>Boomerang: Redundancy Improves Latency and Throughput in Payment Networks</title>
      <link>https://bagavi.github.io/personal/publication/boomerang/</link>
      <pubDate>Tue, 01 Oct 2019 00:00:00 +0000</pubDate>
      <guid>https://bagavi.github.io/personal/publication/boomerang/</guid>
      <description></description>
    </item>
    
    <item>
      <title>Exploring patterns enriched in a dataset with contrastive principal component analysis</title>
      <link>https://bagavi.github.io/personal/publication/constrastive/</link>
      <pubDate>Fri, 01 Sep 2017 00:00:00 +0000</pubDate>
      <guid>https://bagavi.github.io/personal/publication/constrastive/</guid>
      <description></description>
    </item>
    
  </channel>
</rss>
